{
  "cv_scores": {
    "RandomForest": 0.8372888549359138,
    "ExtraTrees": 0.8515915457091927,
    "HistGB": 0.8320940497411087,
    "GradientBoosting": 0.8294287411934471,
    "XGBoost": 0.8281724811136575,
    "CatBoost": 0.8438163144045496,
    "SVC": 0.7877854171971819,
    "KNN": 0.8007724301841949,
    "MLP": 0.8437314319667261,
    "GaussianNB": 0.7422290128172481,
    "DecisionTree": 0.7799847211611918
  },
  "top_models": [
    "ExtraTrees",
    "CatBoost",
    "MLP",
    "RandomForest"
  ],
  "optimal_weights": [
    0.24999999974999998,
    0.24999999974999998,
    0.24999999974999998,
    0.24999999974999998
  ],
  "final_model": "Stacking",
  "test_accuracy": 0.7662337662337663,
  "config": {
    "data_path": "../code/PIMA/pima_diabetes.csv",
    "target": "Outcome",
    "test_size": 0.2,
    "random_state": 42,
    "cv_folds": 5,
    "top_n": 4,
    "artifact_dir": "../code/PIMA/artifacts",
    "use_gpu": false
  }
}